-- Inserções para a tabela "condutor"
INSERT INTO condutor (cNome) VALUES ('Condutor 1');
INSERT INTO condutor (cNome) VALUES ('Condutor 2');
INSERT INTO condutor (cNome) VALUES ('Condutor 3');
INSERT INTO condutor (cNome) VALUES ('Condutor 4');
INSERT INTO condutor (cNome) VALUES ('Condutor 5');
INSERT INTO condutor (cNome) VALUES ('Condutor 6');
INSERT INTO condutor (cNome) VALUES ('Condutor 7');
INSERT INTO condutor (cNome) VALUES ('Condutor 8');
INSERT INTO condutor (cNome) VALUES ('Condutor 9');
INSERT INTO condutor (cNome) VALUES ('Condutor 10');

-- Inserções para a tabela "veiculoLigeiro"
INSERT INTO veiculoLigeiro (vlMatricula, vlCilindrada, vlLugares, vlCondutor) VALUES ('ABC123', 2000, 5, 1);
INSERT INTO veiculoLigeiro (vlMatricula, vlCilindrada, vlLugares, vlCondutor) VALUES ('DEF456', 1800, 5, 2);
INSERT INTO veiculoLigeiro (vlMatricula, vlCilindrada, vlLugares, vlCondutor) VALUES ('GHI789', 2500, 5, 3);
INSERT INTO veiculoLigeiro (vlMatricula, vlCilindrada, vlLugares, vlCondutor) VALUES ('JKL012', 1600, 5, 4);
INSERT INTO veiculoLigeiro (vlMatricula, vlCilindrada, vlLugares, vlCondutor) VALUES ('MNO345', 2200, 5, 5);
INSERT INTO veiculoLigeiro (vlMatricula, vlCilindrada, vlLugares, vlCondutor) VALUES ('PQR678', 1900, 5, 6);
INSERT INTO veiculoLigeiro (vlMatricula, vlCilindrada, vlLugares, vlCondutor) VALUES ('STU901', 2100, 5, 7);
INSERT INTO veiculoLigeiro (vlMatricula, vlCilindrada, vlLugares, vlCondutor) VALUES ('VWX234', 2300, 5, 8);
INSERT INTO veiculoLigeiro (vlMatricula, vlCilindrada, vlLugares, vlCondutor) VALUES ('YZA567', 2400, 5, 9);
INSERT INTO veiculoLigeiro (vlMatricula, vlCilindrada, vlLugares, vlCondutor) VALUES ('BCD890', 2000, 5, 10);

-- Inserções para a tabela "veiculoPesado"
INSERT INTO veiculoPesado (vlMatricula, vlCilindrada, vlTara, vlCondutor) VALUES ('ABC123', NULL, 5000, 1);
INSERT INTO veiculoPesado (vlMatricula, vlCilindrada, vlTara, vlCondutor) VALUES ('DEF456', NULL, 5500, 2);
INSERT INTO veiculoPesado (vlMatricula, vlCilindrada, vlTara, vlCondutor) VALUES ('GHI789', NULL, 6000, 3);
INSERT INTO veiculoPesado (vlMatricula, vlCilindrada, vlTara, vlCondutor) VALUES ('JKL012', NULL, 5200, 4);
INSERT INTO veiculoPesado (vlMatricula, vlCilindrada, vlTara, vlCondutor) VALUES ('MNO345', NULL, 5800, 5);
INSERT INTO veiculoPesado (vlMatricula, vlCilindrada, vlTara, vlCondutor) VALUES ('PQR678', NULL, 5300, 6);
INSERT INTO veiculoPesado (vlMatricula, vlCilindrada, vlTara, vlCondutor) VALUES ('STU901', NULL, 5400, 7);
INSERT INTO veiculoPesado (vlMatricula, vlCilindrada, vlTara, vlCondutor) VALUES ('VWX234', NULL, 5600, 8);
INSERT INTO veiculoPesado (vlMatricula, vlCilindrada, vlTara, vlCondutor) VALUES ('YZA567', NULL, 5700, 9);
INSERT INTO veiculoPesado (vlMatricula, vlCilindrada, vlTara, vlCondutor) VALUES ('BCD890', NULL, 5100, 10);
